{"cameraMode":{"drawMode":0,"name":"Shaded","section":"Shading Mode"},"sceneLighting":false,"audioPlay":false,"sceneViewState":{"showFog":true,"showMaterialUpdate":false,"showSkybox":false,"showFlares":true,"showImageEffects":true,"showParticleSystems":true},"in2DMode":false,"pivot":{"x":3.4892868995666506,"y":2.4801511764526369,"z":6.707160949707031},"rotation":{"x":0.12653067708015443,"y":0.017178179696202279,"z":-0.004299381747841835,"w":0.9919909238815308},"size":66.01072692871094,"orthographic":false}