{"cameraMode":{"drawMode":0,"name":"Shaded","section":"Shading Mode"},"sceneLighting":false,"audioPlay":false,"sceneViewState":{"showFog":true,"showMaterialUpdate":false,"showSkybox":false,"showFlares":true,"showImageEffects":true,"showParticleSystems":true},"in2DMode":false,"pivot":{"x":-5.500642776489258,"y":2.374157667160034,"z":6.255357265472412},"rotation":{"x":0.12653067708015443,"y":0.017178179696202279,"z":-0.004299381747841835,"w":0.9919909238815308},"size":62.63256072998047,"orthographic":false}