{"cameraMode":{"drawMode":0,"name":"Shaded","section":"Shading Mode"},"sceneLighting":false,"audioPlay":false,"sceneViewState":{"showFog":true,"showMaterialUpdate":false,"showSkybox":false,"showFlares":true,"showImageEffects":true,"showParticleSystems":true},"in2DMode":false,"pivot":{"x":-4.927520751953125,"y":2.9995176792144777,"z":17.85363006591797},"rotation":{"x":0.12653067708015443,"y":0.017178179696202279,"z":-0.004299381747841835,"w":0.9919909238815308},"size":63.817481994628909,"orthographic":false}