{"cameraMode":{"drawMode":0,"name":"Shaded","section":"Shading Mode"},"sceneLighting":true,"audioPlay":false,"sceneViewState":{"showFog":true,"showMaterialUpdate":false,"showSkybox":true,"showFlares":true,"showImageEffects":true,"showParticleSystems":true},"in2DMode":false,"pivot":{"x":1718.5711669921875,"y":565.088623046875,"z":-208.90380859375},"rotation":{"x":0.1784335970878601,"y":0.07391148060560227,"z":-0.015060539357364178,"w":0.9812635779380798},"size":1567.962890625,"orthographic":false}